558,"Medical Technology",Medical Technology 2015年10月号,,2015,2017,医歯薬出版,,https://elib.maruzen.co.jp/elib/html/BookDetail/Id/3000041055
559,"Medical Technology",Medical Technology 2015年11月号,,2015,2017,医歯薬出版,,https://elib.maruzen.co.jp/elib/html/BookDetail/Id/3000041056
560,"Medical Technology",Medical Technology 2015年12月号,,2015,2017,医歯薬出版,,https://elib.maruzen.co.jp/elib/html/BookDetail/Id/3000041057
561,"Medical Technology",Medical Technology 2015年1月号,,2015,2017,医歯薬出版,,https://elib.maruzen.co.jp/elib/html/BookDetail/Id/3000041046
562,"Medical Technology",Medical Technology 2015年2月号,,2015,2017,医歯薬出版,,https://elib.maruzen.co.jp/elib/html/BookDetail/Id/3000041047
563,"Medical Technology",Medical Technology 2015年3月号,,2015,2017,医歯薬出版,,https://elib.maruzen.co.jp/elib/html/BookDetail/Id/3000041048
564,"Medical Technology",Medical Technology 2015年4月号,,2015,2017,医歯薬出版,,https://elib.maruzen.co.jp/elib/html/BookDetail/Id/3000041049
565,"Medical Technology",Medical Technology 2015年5月号,,2015,2017,医歯薬出版,,https://elib.maruzen.co.jp/elib/html/BookDetail/Id/3000041050
566,"Medical Technology",Medical Technology 2015年6月号,,2015,2017,医歯薬出版,,https://elib.maruzen.co.jp/elib/html/BookDetail/Id/3000041051
567,"Medical Technology",Medical Technology 2015年7月号,,2015,2017,医歯薬出版,,https://elib.maruzen.co.jp/elib/html/BookDetail/Id/3000041052
568,"Medical Technology",Medical Technology 2015年8月号,,2015,2017,医歯薬出版,,https://elib.maruzen.co.jp/elib/html/BookDetail/Id/3000041053
569,"Medical Technology",Medical Technology 2015年9月号,,2015,2017,医歯薬出版,,https://elib.maruzen.co.jp/elib/html/BookDetail/Id/3000041054
570,"Medical Technology",Medical Technology 2015年臨時増刊号,,2015,2017,医歯薬出版,,https://elib.maruzen.co.jp/elib/html/BookDetail/Id/3000043884
571,"Medical Technology",Medical Technology 2016年10月号,,2016,2017,医歯薬出版,,https://elib.maruzen.co.jp/elib/html/BookDetail/Id/3000042840
572,"Medical Technology",Medical Technology 2016年11月号,,2016,2017,医歯薬出版,,https://elib.maruzen.co.jp/elib/html/BookDetail/Id/3000042841
573,"Medical Technology",Medical Technology 2016年12月号,,2016,2017,医歯薬出版,,https://elib.maruzen.co.jp/elib/html/BookDetail/Id/3000042842
574,"Medical Technology",Medical Technology 2016年1月号,,2016,2017,医歯薬出版,,https://elib.maruzen.co.jp/elib/html/BookDetail/Id/3000042831
575,"Medical Technology",Medical Technology 2016年2月号,,2016,2017,医歯薬出版,,https://elib.maruzen.co.jp/elib/html/BookDetail/Id/3000042832
576,"Medical Technology",Medical Technology 2016年3月号,,2016,2017,医歯薬出版,,https://elib.maruzen.co.jp/elib/html/BookDetail/Id/3000042833
577,"Medical Technology",Medical Technology 2016年4月号,,2016,2017,医歯薬出版,,https://elib.maruzen.co.jp/elib/html/BookDetail/Id/3000042834
578,"Medical Technology",Medical Technology 2016年5月号,,2016,2017,医歯薬出版,,https://elib.maruzen.co.jp/elib/html/BookDetail/Id/3000042835
579,"Medical Technology",Medical Technology 2016年6月号,,2016,2017,医歯薬出版,,https://elib.maruzen.co.jp/elib/html/BookDetail/Id/3000042836
580,"Medical Technology",Medical Technology 2016年7月号,,2016,2017,医歯薬出版,,https://elib.maruzen.co.jp/elib/html/BookDetail/Id/3000042837
581,"Medical Technology",Medical Technology 2016年8月号,,2016,2017,医歯薬出版,,https://elib.maruzen.co.jp/elib/html/BookDetail/Id/3000042838
582,"Medical Technology",Medical Technology 2016年9月号,,2016,2017,医歯薬出版,,https://elib.maruzen.co.jp/elib/html/BookDetail/Id/3000042839
583,"Medical Technology",Medical Technology 2016年臨時増刊号,,2016,2017,医歯薬出版,,https://elib.maruzen.co.jp/elib/html/BookDetail/Id/3000042843
584,"Medical Technology",Medical Technology 2017年10月号,,2017,2018,医歯薬出版,,https://elib.maruzen.co.jp/elib/html/BookDetail/Id/3000055123
585,"Medical Technology",Medical Technology 2017年11月号,,2017,2018,医歯薬出版,,https://elib.maruzen.co.jp/elib/html/BookDetail/Id/3000055124
586,"Medical Technology",Medical Technology 2017年12月号,,2017,2018,医歯薬出版,,https://elib.maruzen.co.jp/elib/html/BookDetail/Id/3000055125
587,"Medical Technology",Medical Technology 2017年1月号,,2017,2018,医歯薬出版,,https://elib.maruzen.co.jp/elib/html/BookDetail/Id/3000055114
588,"Medical Technology",Medical Technology 2017年2月号,,2017,2018,医歯薬出版,,https://elib.maruzen.co.jp/elib/html/BookDetail/Id/3000055115
589,"Medical Technology",Medical Technology 2017年3月号,,2017,2018,医歯薬出版,,https://elib.maruzen.co.jp/elib/html/BookDetail/Id/3000055116
590,"Medical Technology",Medical Technology 2017年4月号,,2017,2018,医歯薬出版,,https://elib.maruzen.co.jp/elib/html/BookDetail/Id/3000055117
591,"Medical Technology",Medical Technology 2017年5月号,,2017,2018,医歯薬出版,,https://elib.maruzen.co.jp/elib/html/BookDetail/Id/3000055118
592,"Medical Technology",Medical Technology 2017年6月号,,2017,2018,医歯薬出版,,https://elib.maruzen.co.jp/elib/html/BookDetail/Id/3000055119
593,"Medical Technology",Medical Technology 2017年7月号,,2017,2018,医歯薬出版,,https://elib.maruzen.co.jp/elib/html/BookDetail/Id/3000055120
594,"Medical Technology",Medical Technology 2017年8月号,,2017,2018,医歯薬出版,,https://elib.maruzen.co.jp/elib/html/BookDetail/Id/3000055121
595,"Medical Technology",Medical Technology 2017年9月号,,2017,2018,医歯薬出版,,https://elib.maruzen.co.jp/elib/html/BookDetail/Id/3000055122
596,"Medical Technology",Medical Technology 2017年臨時増刊号,,2017,2018,医歯薬出版,,https://elib.maruzen.co.jp/elib/html/BookDetail/Id/3000055126
597,"Medical Technology",Medical Technology 2018年10月号,,2018,2020,医歯薬出版,,https://elib.maruzen.co.jp/elib/html/BookDetail/Id/3000087051
598,"Medical Technology",Medical Technology 2018年11月号,,2018,2020,医歯薬出版,,https://elib.maruzen.co.jp/elib/html/BookDetail/Id/3000087052
599,"Medical Technology",Medical Technology 2018年12月号,,2018,2020,医歯薬出版,,https://elib.maruzen.co.jp/elib/html/BookDetail/Id/3000087053
600,"Medical Technology",Medical Technology 2018年1月号,,2018,2020,医歯薬出版,,https://elib.maruzen.co.jp/elib/html/BookDetail/Id/3000087042
601,"Medical Technology",Medical Technology 2018年2月号,,2018,2020,医歯薬出版,,https://elib.maruzen.co.jp/elib/html/BookDetail/Id/3000087043
602,"Medical Technology",Medical Technology 2018年3月号,,2018,2020,医歯薬出版,,https://elib.maruzen.co.jp/elib/html/BookDetail/Id/3000087044
603,"Medical Technology",Medical Technology 2018年4月号,,2018,2020,医歯薬出版,,https://elib.maruzen.co.jp/elib/html/BookDetail/Id/3000087045
604,"Medical Technology",Medical Technology 2018年5月号,,2018,2020,医歯薬出版,,https://elib.maruzen.co.jp/elib/html/BookDetail/Id/3000087046
605,"Medical Technology",Medical Technology 2018年6月号,,2018,2020,医歯薬出版,,https://elib.maruzen.co.jp/elib/html/BookDetail/Id/3000087047
606,"Medical Technology",Medical Technology 2018年7月号,,2018,2020,医歯薬出版,,https://elib.maruzen.co.jp/elib/html/BookDetail/Id/3000087048
607,"Medical Technology",Medical Technology 2018年8月号,,2018,2020,医歯薬出版,,https://elib.maruzen.co.jp/elib/html/BookDetail/Id/3000087049
608,"Medical Technology",Medical Technology 2018年9月号,,2018,2020,医歯薬出版,,https://elib.maruzen.co.jp/elib/html/BookDetail/Id/3000087050
609,"MedicalTechnology",Medical Technology 2018年臨時増刊,,2018,2020,医歯薬出版,,https://elib.maruzen.co.jp/elib/html/BookDetail/Id/3000087054
610,"Medical Technology",Medical Technology 2019年10月号 ,,2019,2020,医歯薬出版,,https://elib.maruzen.co.jp/elib/html/BookDetail/Id/3000092444
611,"Medical Technology",Medical Technology 2019年11月号 ,,2019,2020,医歯薬出版,,https://elib.maruzen.co.jp/elib/html/BookDetail/Id/3000092445
612,"Medical Technology",Medical Technology 2019年12月号 ,,2019,2020,医歯薬出版,,https://elib.maruzen.co.jp/elib/html/BookDetail/Id/3000092446
613,"Medical Technology",Medical Technology 2019年1月号 ,,2019,2020,医歯薬出版,,https://elib.maruzen.co.jp/elib/html/BookDetail/Id/3000092435
614,"Medical Technology",Medical Technology 2019年2月号 ,,2019,2020,医歯薬出版,,https://elib.maruzen.co.jp/elib/html/BookDetail/Id/3000092436
615,"Medical Technology",Medical Technology 2019年3月号 ,,2019,2020,医歯薬出版,,https://elib.maruzen.co.jp/elib/html/BookDetail/Id/3000092437
616,"Medical Technology",Medical Technology 2019年4月号 ,,2019,2020,医歯薬出版,,https://elib.maruzen.co.jp/elib/html/BookDetail/Id/3000092438
617,"Medical Technology",Medical Technology 2019年5月号 ,,2019,2020,医歯薬出版,,https://elib.maruzen.co.jp/elib/html/BookDetail/Id/3000092439
618,"Medical Technology",Medical Technology 2019年6月号 ,,2019,2020,医歯薬出版,,https://elib.maruzen.co.jp/elib/html/BookDetail/Id/3000092440
619,"Medical Technology",Medical Technology 2019年7月号 ,,2019,2020,医歯薬出版,,https://elib.maruzen.co.jp/elib/html/BookDetail/Id/3000092441
620,"Medical Technology",Medical Technology 2019年8月号 ,,2019,2020,医歯薬出版,,https://elib.maruzen.co.jp/elib/html/BookDetail/Id/3000092442
621,"Medical Technology",Medical Technology 2019年9月号 ,,2019,2020,医歯薬出版,,https://elib.maruzen.co.jp/elib/html/BookDetail/Id/3000092443
622,"Medical Technology",Medical Technology 2019年臨時増刊,,2019,2020,医歯薬出版,,https://elib.maruzen.co.jp/elib/html/BookDetail/Id/3000092447
